run_name,Learning Rate,Loss/average,Loss/batch,Rules/anyvalid,Rules/anyvalid_cnt,Rules/c2,Rules/c2_cnt,Rules/c3,Rules/c3_cnt,full_name,step,step/epoch,Learning Rate_std,Loss/average_std,Loss/batch_std,Rules/anyvalid_std,Rules/anyvalid_cnt_std,Rules/c2_std,Rules/c2_cnt_std,Rules/c3_std,Rules/c3_cnt_std,model_class,Speed/steps_per_sec,Speed/steps_per_sec_std,dataset_size,heldout,Rules/c23,Rules/c23_cnt,scale,c3_CI_L,c3_CI_H,c23_CI_L,c23_CI_H,c2_CI_L,c2_CI_H,valid_CI_L,valid_CI_H,expname,epoch,C3,C2,valid,total,mem_samplecnt,mem_samplefrac,mem_rowcnt,mem_rowfrac,mem_pancnt,mem_panfrac,mem_attr0_rowcnt,mem_attr0_rowfrac,mem_attr0_pancnt,mem_attr0_panfrac,mem_attr1_rowcnt,mem_attr1_rowfrac,mem_attr1_pancnt,mem_attr1_panfrac,mem_attr2_rowcnt,mem_attr2_rowfrac,mem_attr2_pancnt,mem_attr2_panfrac,expname_mem
BaseBlnrX3_new_stream0_16M,0.0001999999949475,0.6762307584285736,0.6572702646255493,0.6419596433639526,3944.2,0.234912109375,481.1,0.23251953125,476.2,BaseBlnrX3_new_stream0_16M_RAVEN10_abstract_20240921-2218/tensorboard_logs,999999,977500,0.0,6.733493101041306e-06,0.0441401083102163,0.008416730089972,51.71245283080065,0.0084492881279417,17.30414208602477,0.0092094210389359,18.86089428774079,EDM,,,0.16,False,0.467431640625,957.3,EDMx1,0.2267578125,0.238330078125,0.460595703125,0.474267578125,0.2291015625,0.24072265625,0.6381673177083333,0.645751953125,BaseBlnrX3_new_stream0_16M_RAVEN10_abstract_20240921-2218,988749.9,476.2,481.1,3944.2,2048.0,0.0,0.0,0.0,0.0,6615.6,0.35891927083333336,24.3,0.003955078124999971,13875.9,0.7528157552083334,5.5,0.0008951822916666499,14005.5,0.7598470052083334,4.4,0.0007161458333333201,13586.4,0.737109375,BaseBlnrX3_new_stream0_16M_RAVEN10_abstract_20240921-2218
BaseBlnrX3_new_stream0_16M_heldout0,0.0001999999949475,0.6837207973003387,0.6636446416378021,0.6470865905284882,3975.7,0.233837890625,478.9,0.25908203125,530.6,BaseBlnrX3_new_stream0_16M_heldout0_RAVEN10_abstract_20240921-2218/tensorboard_logs,999999,977500,0.0,6.503510472511262e-06,0.0588615022668592,0.0070538099441096,43.33858942482247,0.0129155287702853,26.451002921544497,0.0123208667880668,25.23313518196086,EDM,,,0.16,True,0.492919921875,1009.5,EDMx1,0.253076171875,0.265087890625,0.486083984375,0.499755859375,0.228076171875,0.2396484375,0.643310546875,0.6508626302083333,BaseBlnrX3_new_stream0_16M_heldout0_RAVEN10_abstract_20240921-2218,988749.9,530.6,478.9,3975.7,2048.0,0.0,0.0,0.0,0.0,6042.7,0.32783745659722224,23.5,0.003824869791666641,13557.2,0.7355251736111111,6.2,0.00100911458333331,13674.1,0.7418674045138889,5.9,0.0009602864583333102,13431.5,0.7287055121527778,BaseBlnrX3_new_stream0_16M_heldout0_RAVEN10_abstract_20240921-2218
BigBlnrX3_new_stream0_016M,0.0001999999949475,0.3483476191759109,0.2504622429609299,0.5567545592784882,3420.7,0.14775390625,302.6,0.0548828125,112.4,BigBlnrX3_new_stream0_016M_RAVEN10_abstract_20240816-0104/tensorboard_logs,999999,977500,0.0,2.4028165421500883e-05,0.0612335079303331,0.003218868062755,19.77681021353596,0.0081321593474382,16.654662343553465,0.0055348114980753,11.33529394805838,EDM,,,0.016,False,0.20263671875,415.0,EDMx3,0.051806640625,0.0580078125,0.19716796875,0.208154296875,0.142919921875,0.15263671875,0.55283203125,0.5606770833333333,BigBlnrX3_new_stream0_016M_RAVEN10_abstract_20240816-0104,988749.9,112.4,302.6,3420.7,2048.0,9.0,0.00439453125,79.1,0.0128743489583333,3152.8,0.17105034722222218,110.6,0.018001302083333302,14054.7,0.7625162760416667,95.8,0.01559244791666663,13358.2,0.7247287326388888,97.4,0.0158528645833333,12947.5,0.7024468315972223,BigBlnrX3_new_stream0_016M_RAVEN10_abstract_20240816-0104
BigBlnrX3_new_stream0_016M_heldout0,0.0001999999949475,0.3301031440496444,0.23769271671772,0.5659342408180237,3477.1,0.152783203125,312.9,0.0796875,163.2,BigBlnrX3_new_stream0_016M_heldout0_RAVEN10_abstract_20240816-0104/tensorboard_logs,999999,977500,0.0,2.431161375386126e-05,0.0483251905984933,0.0078186971885975,48.03806361163571,0.0074708626923318,15.300326793895618,0.0053030930552547,10.8607345771617,EDM,,,0.016,True,0.2324707031249999,476.1,EDMx3,0.0759765625,0.0833984375,0.226708984375,0.23828125,0.1478515625,0.15771484375,0.56201171875,0.5698567708333333,BigBlnrX3_new_stream0_016M_heldout0_RAVEN10_abstract_20240816-0104,,,,,,,,,,,,,,,,,,,,,,,,
BigBlnrX3_new_stream0_16M,0.0001999999949475,0.62017462849617,0.5572519421577453,0.7229492127895355,4441.8,0.222705078125,456.1,0.458154296875,938.3,BigBlnrX3_new_stream0_16M_RAVEN10_abstract_20240828-1332/tensorboard_logs,999999,977500,0.0,8.588358509619091e-06,0.0653635697211623,0.006535143662437,40.15193367420496,0.0108658883422579,22.25333932494428,0.011153661527941,22.84269880922323,EDM,,,0.16,False,0.680859375,1394.4,EDMx3,0.451318359375,0.464990234375,0.674462890625,0.687255859375,0.217041015625,0.22841796875,0.7194010416666666,0.7264811197916666,BigBlnrX3_new_stream0_16M_RAVEN10_abstract_20240828-1332,988749.9,938.3,456.1,4441.8,2048.0,0.0,0.0,0.0,0.0,6877.8,0.37314453125,46.1,0.007503255208333301,13993.7,0.759206814236111,10.0,0.00162760416666662,13973.2,0.7580946180555556,9.0,0.00146484374999997,13872.8,0.7526475694444444,BigBlnrX3_new_stream0_16M_RAVEN10_abstract_20240828-1332
BigBlnrX3_new_stream0_16M_heldout0,0.0001999999949475,0.6253714680671691,0.5774047046899795,0.7042154908180237,4326.7,0.237646484375,486.7,0.4099609375,839.6,BigBlnrX3_new_stream0_16M_heldout0_RAVEN10_abstract_20240708-2308/tensorboard_logs,999999,977500,0.0,9.879270837744155e-06,0.0566569945592615,0.0077702013170541,47.74015314410107,0.0059493329554907,12.184233892845116,0.0084579057757675,17.32179102877195,EDM,,,0.16,True,0.647607421875,1326.3,EDMx3,0.40322265625,0.41669921875,0.641064453125,0.654150390625,0.2318359375,0.243505859375,0.7006022135416666,0.7078287760416667,BigBlnrX3_new_stream0_16M_heldout0_RAVEN10_abstract_20240708-2308,988749.9,839.6,486.7,4326.7,2048.0,0.0,0.0,0.0,0.0,6317.5,0.34274631076388884,45.9,0.007470703124999961,13693.4,0.7429144965277777,13.5,0.0021972656249999696,13773.8,0.7472764756944443,9.4,0.00152994791666663,13774.3,0.7473036024305555,BigBlnrX3_new_stream0_16M_heldout0_RAVEN10_abstract_20240708-2308
BigBlnrX3_new_stream0_16M_heldout0,0.0001999999949475,0.6240389287471771,0.5743508160114288,0.6994466066360474,4297.4,0.241748046875,495.1,0.408447265625,836.5,BigBlnrX3_new_stream0_16M_heldout0_RAVEN10_abstract_20240709-1249/tensorboard_logs,999999,977500,0.0,1.0243387650255588e-05,0.0576443440168855,0.0096562689310948,59.32808965593109,0.0067754094236691,13.87603849967434,0.0142324654891558,29.14808932179109,EDM,,,0.16,True,0.6501953125,1331.6,EDMx3,0.401708984375,0.415185546875,0.64365234375,0.65673828125,0.235888671875,0.247607421875,0.6958170572916667,0.703076171875,BigBlnrX3_new_stream0_16M_heldout0_RAVEN10_abstract_20240709-1249,988749.9,836.5,495.1,4297.4,2048.0,0.0,0.0,0.0,0.0,6339.5,0.34393988715277785,47.3,0.00769856770833331,13738.2,0.7453450520833333,13.3,0.00216471354166664,13823.7,0.7499837239583333,10.8,0.0017578124999999701,13731.9,0.7450032552083333,BigBlnrX3_new_stream0_16M_heldout0_RAVEN10_abstract_20240709-1249
BigBlnrX3_new_stream0_48M,0.0001999999949475,0.6285492479801178,0.5880359411239624,0.7424804747104645,4561.8,0.14990234375,307.0,0.58232421875,1192.6,BigBlnrX3_new_stream0_48M_RAVEN10_abstract_20240828-1332/tensorboard_logs,999999,977500,0.0,3.5857862349332307e-06,0.0626834749556916,0.0064453395907543,39.60022446625508,0.0056287814016245,11.527744310527051,0.0066081530937254,13.533497535949632,EDM,,,0.48,False,0.7322265625,1499.6,EDMx3,0.5755859375,0.5890625,0.726171875,0.73828125,0.14501953125,0.15478515625,0.739013671875,0.7459309895833334,BigBlnrX3_new_stream0_48M_RAVEN10_abstract_20240828-1332,,,,,,,,,,,,,,,,,,,,,,,,
BigBlnrX3_new_stream0_48M_heldout0,0.0001999999949475,0.6363868594169617,0.5957813382148742,0.7301106810569763,4485.8,0.13388671875,274.2,0.58125,1190.4,BigBlnrX3_new_stream0_48M_heldout0_RAVEN10_abstract_20240709-1249/tensorboard_logs,999999,977500,0.0,3.781000125003939e-06,0.0318265996614988,0.0093268026296273,57.30386839763381,0.0071718083352929,14.687863470679916,0.0095633345096445,19.58570907575214,EDM,,,0.48,True,0.7151367187500001,1464.6,EDMx3,0.57451171875,0.58798828125,0.708935546875,0.7212890625,0.129248046875,0.13857421875,0.7265950520833333,0.7336100260416667,BigBlnrX3_new_stream0_48M_heldout0_RAVEN10_abstract_20240709-1249,,,,,,,,,,,,,,,,,,,,,,,,
BigBlnrX3_new_stream0_48M_heldout0,0.0001999999949475,0.6361518919467926,0.5955688297748566,0.7306803345680237,4489.3,0.131640625,269.6,0.58154296875,1191.0,BigBlnrX3_new_stream0_48M_heldout0_RAVEN10_abstract_20240708-2314/tensorboard_logs,999999,977500,0.0,4.3287227802664924e-06,0.0317848638780248,0.0083091270808208,51.051281407358914,0.0039278914398433,8.044321668799117,0.0102215615026741,20.933757957476736,EDM,,,0.48,True,0.71318359375,1460.6,EDMx3,0.5748046875,0.58828125,0.706982421875,0.719384765625,0.12705078125,0.136279296875,0.7271647135416667,0.7341796875,BigBlnrX3_new_stream0_48M_heldout0_RAVEN10_abstract_20240708-2314,,,,,,,,,,,,,,,,,,,,,,,,
BigBlnrX3_new_stream16M,0.0001999999949475,0.6291754424571991,0.5826476961374283,0.7465169250965118,4586.6,0.14189453125,290.6,0.588037109375,1204.3,BigBlnrX3_new_stream16M_RAVEN10_abstract_20240705-0237/tensorboard_logs,999999,977500,0.0,3.7408266344969768e-06,0.0642213873285904,0.0084854908473781,52.13486783760407,0.009245020903848,18.93380281108074,0.010988558319163,22.50456743764597,EDM,,,16.0,False,0.729931640625,1494.9,EDMx3,0.581298828125,0.594775390625,0.723828125,0.735986328125,0.137109375,0.1466796875,0.74306640625,0.749951171875,BigBlnrX3_new_stream16M_RAVEN10_abstract_20240705-0237,,,,,,,,,,,,,,,,,,,,,,,,
BigBlnrX3_new_stream16M_heldout0,0.0001999999949475,0.6373814761638641,0.6189965903759003,0.7260416626930237,4460.8,0.13642578125,279.4,0.571630859375,1170.7,BigBlnrX3_new_stream16M_heldout0_RAVEN10_abstract_20240708-2052/tensorboard_logs,999999,977500,0.0,3.674712154966892e-06,0.0530108536699783,0.0082221464273159,50.51688386624371,0.0070766162812902,14.49291014408233,0.0085477890774945,17.505872030708876,EDM,,,16.0,True,0.708056640625,1450.1,EDMx3,0.56484375,0.57841796875,0.701806640625,0.7142578125,0.13173828125,0.141162109375,0.722509765625,0.7295572916666667,BigBlnrX3_new_stream16M_heldout0_RAVEN10_abstract_20240708-2052,,,,,,,,,,,,,,,,,,,,,,,,
BigBlnrX3_new_stream1_6M,0.0001999999949475,0.6291034340858459,0.5862670421600342,0.7433431029319764,4567.1,0.14091796875,288.6,0.590771484375,1209.9,BigBlnrX3_new_stream1_6M_RAVEN10_abstract_20240705-1903/tensorboard_logs,999999,977500,0.0,4.000355421074712e-06,0.0667872973378182,0.0112649913479909,69.2121537175531,0.0043074660352402,8.821690440172004,0.0110472246492701,22.62471608170536,EDM,,,1.6,False,0.731689453125,1498.5,EDMx3,0.584033203125,0.597509765625,0.725634765625,0.737744140625,0.136181640625,0.145703125,0.739892578125,0.7467936197916667,BigBlnrX3_new_stream1_6M_RAVEN10_abstract_20240705-1903,,,,,,,,,,,,,,,,,,,,,,,,
BigBlnrX3_new_stream1_6M_heldout0,0.0001999999949475,0.6376623809337616,0.6065062761306763,0.7259277403354645,4460.1,0.135205078125,276.9,0.574267578125,1176.1,BigBlnrX3_new_stream1_6M_heldout0_RAVEN10_abstract_20240708-2052/tensorboard_logs,999999,977500,0.0,4.164867889452277e-06,0.0695798122618507,0.0082858518637392,50.90830536911994,0.0077390823852467,15.849640724985257,0.0104127240667089,21.325258888620017,EDM,,,1.6,True,0.70947265625,1453.0,EDMx3,0.56748046875,0.5810546875,0.70322265625,0.715673828125,0.130517578125,0.139892578125,0.7223958333333333,0.729443359375,BigBlnrX3_new_stream1_6M_heldout0_RAVEN10_abstract_20240708-2052,,,,,,,,,,,,,,,,,,,,,,,,
BigBlnrX3_new_stream4_8M,0.0001999999949475,0.6283218383789062,0.5902694135904312,0.742919921875,4564.5,0.140478515625,287.7,0.58779296875,1203.8,BigBlnrX3_new_stream4_8M_RAVEN10_abstract_20240705-1903/tensorboard_logs,999999,977500,0.0,3.433328718320924e-06,0.0702190331203038,0.008457021744061,51.95992045156856,0.0058731482362825,12.028207587906758,0.0115955802887129,23.74774843128409,EDM,,,4.8,False,0.728271484375,1491.5,EDMx3,0.5810546875,0.59453125,0.72216796875,0.734375,0.1357421875,0.145263671875,0.739453125,0.7463704427083333,BigBlnrX3_new_stream4_8M_RAVEN10_abstract_20240705-1903,,,,,,,,,,,,,,,,,,,,,,,,
BigBlnrX3_new_stream4_8M_heldout0,0.0001999999949475,0.6364954233169555,0.6177118837833404,0.7253092467784882,4456.3,0.13232421875,271.0,0.5775390625,1182.8,BigBlnrX3_new_stream4_8M_heldout0_RAVEN10_abstract_20240708-2052/tensorboard_logs,999999,977500,0.0,3.746283507239728e-06,0.0386203550675153,0.0071774914600764,44.09850085635313,0.006989228695828,14.313940369055922,0.0076403837956843,15.647506013561523,EDM,,,4.8,True,0.70986328125,1453.8,EDMx3,0.570751953125,0.58427734375,0.703662109375,0.716064453125,0.127685546875,0.136962890625,0.72177734375,0.7288411458333334,BigBlnrX3_new_stream4_8M_heldout0_RAVEN10_abstract_20240708-2052,,,,,,,,,,,,,,,,,,,,,,,,
WideBlnrX3_new_stream0_016M,0.0001999999949475,0.472584193944931,0.4216949105262756,0.5398600220680236,3316.9,0.1330078125,272.4,0.02109375,43.2,WideBlnrX3_new_stream0_016M_RAVEN10_abstract_20240816-0105/tensorboard_logs,999999,977500,0.0,1.993108181036257e-05,0.0583477346476663,0.003712663894204,22.81057259742117,0.0043806445327545,8.971560003081336,0.0026823390721943,5.493430419854044,EDM,,,0.016,False,0.1541015624999999,315.6,EDMx2,0.019140625,0.023095703125,0.149169921875,0.15908203125,0.128369140625,0.1376953125,0.5359212239583333,0.543798828125,WideBlnrX3_new_stream0_016M_RAVEN10_abstract_20240816-0105,,,,,,,,,,,,,,,,,,,,,,,,
WideBlnrX3_new_stream0_016M_heldout0,0.0001999999949475,0.4596764028072357,0.4023438155651092,0.5405273497104645,3321.0,0.132568359375,271.5,0.019482421875,39.9,WideBlnrX3_new_stream0_016M_heldout0_RAVEN10_abstract_20240816-0105/tensorboard_logs,999999,977500,0.0,2.138375277513532e-05,0.0305460821036534,0.0081452415362975,50.04442470889686,0.0058514576862784,11.983785341498368,0.003307282054817,6.773313648265358,EDM,,,0.016,True,0.15205078125,311.4,EDMx2,0.017626953125,0.02138671875,0.14716796875,0.156982421875,0.1279296875,0.13720703125,0.5365885416666667,0.5444661458333333,WideBlnrX3_new_stream0_016M_heldout0_RAVEN10_abstract_20240816-0105,,,,,,,,,,,,,,,,,,,,,,,,
WideBlnrX3_new_stream0_16M,0.0001999999949475,0.6380394756793976,0.6100020945072174,0.7359700560569763,4521.8,0.21005859375,430.2,0.480224609375,983.5,WideBlnrX3_new_stream0_16M_RAVEN10_abstract_20240705-1908/tensorboard_logs,999999,977500,0.0,5.960030672377071e-06,0.0518921196408315,0.0068971522297659,42.37609388951899,0.0094255005577363,19.303425142244112,0.0105034077680027,21.51097910886956,EDM,,,0.16,False,0.690283203125,1413.7,EDMx2,0.473388671875,0.487060546875,0.683935546875,0.696630859375,0.2044921875,0.215673828125,0.7324869791666667,0.739453125,WideBlnrX3_new_stream0_16M_RAVEN10_abstract_20240705-1908,988749.9,983.5,430.2,4521.8,2048.0,0.0,0.0,0.0,0.0,6859.8,0.37216796875,42.2,0.006868489583333311,13986.5,0.758816189236111,9.4,0.0015299479166666302,13962.4,0.7575086805555556,9.7,0.00157877604166663,13964.3,0.7576117621527777,WideBlnrX3_new_stream0_16M_RAVEN10_abstract_20240705-1908
WideBlnrX3_new_stream0_16M_heldout0,0.0001999999949475,0.6435690701007843,0.6227036356925965,0.7142903625965118,4388.6,0.2177734375,446.0,0.445654296875,912.7,WideBlnrX3_new_stream0_16M_heldout0_RAVEN10_abstract_20240708-2054/tensorboard_logs,999999,977500,0.0,6.235584732755406e-06,0.0470177166687967,0.0057227569892019,35.16058399211623,0.0107372542333793,21.98989666996086,0.0123119406877002,25.21485452841021,EDM,,,0.16,True,0.663427734375,1358.7,EDMx2,0.4388671875,0.45244140625,0.65693359375,0.669873046875,0.212158203125,0.2234375,0.7107096354166667,0.7178548177083334,WideBlnrX3_new_stream0_16M_heldout0_RAVEN10_abstract_20240708-2054,988749.9,912.7,446.0,4388.6,2048.0,0.0,0.0,0.0,0.0,6380.2,0.34614800347222224,42.6,0.006933593749999971,13850.1,0.751416015625,10.9,0.00177408854166663,13864.5,0.7521972656250001,9.2,0.00149739583333328,13710.9,0.7438639322916666,WideBlnrX3_new_stream0_16M_heldout0_RAVEN10_abstract_20240708-2054
WideBlnrX3_new_stream0_48M,0.0001999999949475,0.6387012898921967,0.6080907702445983,0.7289876222610474,4478.9,0.174267578125,356.9,0.51787109375,1060.6,WideBlnrX3_new_stream0_48M_RAVEN10_abstract_20240705-1908/tensorboard_logs,999999,977500,0.0,5.336400588258636e-06,0.048825097346149,0.0075848068176528,46.6010252629227,0.011694876760756,23.95110760602849,0.0157704681394515,32.29791874959678,EDM,,,0.48,False,0.692138671875,1417.5,EDMx2,0.51103515625,0.52470703125,0.685791015625,0.6984375,0.169091796875,0.1794921875,0.7254720052083333,0.7325032552083334,WideBlnrX3_new_stream0_48M_RAVEN10_abstract_20240705-1908,,,,,,,,,,,,,,,,,,,,,,,,
WideBlnrX3_new_stream0_48M_heldout0,0.0001999999949475,0.6469927489757538,0.639557683467865,0.7291341185569763,4479.8,0.157861328125,323.3,0.534130859375,1093.9,WideBlnrX3_new_stream0_48M_heldout0_RAVEN10_abstract_20240708-2054/tensorboard_logs,999999,977500,0.0,5.255843258871125e-06,0.056087176049605,0.0135270296855705,83.11010100396284,0.0112623857675607,23.065366051964386,0.0195725068811948,40.08449409268708,EDM,,,0.48,True,0.6919921875,1417.2,EDMx2,0.527294921875,0.540966796875,0.68564453125,0.698291015625,0.152880859375,0.162890625,0.7256184895833333,0.7326497395833333,WideBlnrX3_new_stream0_48M_heldout0_RAVEN10_abstract_20240708-2054,,,,,,,,,,,,,,,,,,,,,,,,
WideBlnrX3_new_stream16M,0.0001999999949475,0.6379885673522949,0.6150942802429199,0.7320963501930237,4498.0,0.178173828125,364.9,0.516650390625,1058.1,WideBlnrX3_new_stream16M_RAVEN10_abstract_20240705-0023/tensorboard_logs,999999,977500,0.0,4.993843313659915e-06,0.0442067181506731,0.0066848476655182,41.07175293177653,0.0128806129903095,26.379495404153925,0.0163530891209254,33.49112651965523,EDM,,,16.0,False,0.69482421875,1423.0,EDMx2,0.509814453125,0.523486328125,0.688525390625,0.701123046875,0.17294921875,0.183447265625,0.7285970052083334,0.735595703125,WideBlnrX3_new_stream16M_RAVEN10_abstract_20240705-0023,,,,,,,,,,,,,,,,,,,,,,,,
WideBlnrX3_new_stream16M_heldout0,0.0001999999949475,0.647783613204956,0.65006303191185,0.7236165344715119,4445.9,0.153759765625,314.9,0.53603515625,1097.8,WideBlnrX3_new_stream16M_heldout0_RAVEN10_abstract_20240708-2054/tensorboard_logs,999999,977500,0.0,4.347844596790654e-06,0.055848159403471,0.006010854519348,36.93071591206675,0.0100923270897999,20.669085879910387,0.0108301128589075,22.180071135042727,EDM,,,16.0,True,0.6897949218749999,1412.6999999999998,EDMx2,0.52919921875,0.54287109375,0.683447265625,0.696142578125,0.148828125,0.158740234375,0.7200846354166667,0.7271484375,WideBlnrX3_new_stream16M_heldout0_RAVEN10_abstract_20240708-2054,,,,,,,,,,,,,,,,,,,,,,,,
WideBlnrX3_new_stream1_6M,0.0001999999949475,0.6395384490489959,0.6171855747699737,0.7418619811534881,4558.0,0.18134765625,371.4,0.524853515625,1074.9,WideBlnrX3_new_stream1_6M_RAVEN10_abstract_20240705-1908/tensorboard_logs,999999,977500,0.0,4.742476730276549e-06,0.0439414767785074,0.0046290655414856,28.440972010268744,0.0093645956444579,19.178691879849936,0.0067479848483139,13.819872969347038,EDM,,,1.6,False,0.7062011718750001,1446.3000000000002,EDMx2,0.518017578125,0.531689453125,0.699951171875,0.712451171875,0.17607421875,0.18662109375,0.7383951822916667,0.7453125,WideBlnrX3_new_stream1_6M_RAVEN10_abstract_20240705-1908,,,,,,,,,,,,,,,,,,,,,,,,
WideBlnrX3_new_stream1_6M_heldout0,0.0001999999949475,0.6473212242126465,0.6363373875617981,0.7264485597610474,4463.3,0.158740234375,325.1,0.532373046875,1090.3,WideBlnrX3_new_stream1_6M_heldout0_RAVEN10_abstract_20240708-2054/tensorboard_logs,999999,977500,0.0,4.9110272782469975e-06,0.030211476159001,0.012827490908583,78.81208311194693,0.0101525193886174,20.79235970788844,0.011295268029927,23.132708925290668,EDM,,,1.6,True,0.69111328125,1415.4,EDMx2,0.525537109375,0.539208984375,0.684765625,0.697412109375,0.153759765625,0.16376953125,0.7229166666666667,0.7299641927083333,WideBlnrX3_new_stream1_6M_heldout0_RAVEN10_abstract_20240708-2054,,,,,,,,,,,,,,,,,,,,,,,,
WideBlnrX3_new_stream4_8M,0.0001999999949475,0.6389173030853271,0.6162602424621582,0.7360839784145355,4522.5,0.1744140625,357.2,0.52861328125,1082.6,WideBlnrX3_new_stream4_8M_RAVEN10_abstract_20240921-2016/tensorboard_logs,999999,977500,0.0,5.2346016338457405e-06,0.0356103798796807,0.0124906112185396,76.74235394414795,0.0093606344290944,19.170579310785342,0.0132331325563818,27.10145547547012,EDM,,,4.8,False,0.70302734375,1439.8,EDMx2,0.52177734375,0.53544921875,0.69677734375,0.70927734375,0.16923828125,0.179638671875,0.7326009114583333,0.7395670572916667,WideBlnrX3_new_stream4_8M_RAVEN10_abstract_20240921-2016,,,,,,,,,,,,,,,,,,,,,,,,
WideBlnrX3_new_stream4_8M_heldout0,0.0001999999949475,0.6468006312847138,0.6375834703445434,0.7253906190395355,4456.8,0.164111328125,336.1,0.524462890625,1074.1,WideBlnrX3_new_stream4_8M_heldout0_RAVEN10_abstract_20240709-1249/tensorboard_logs,999999,977500,0.0,5.930950020894442e-06,0.0295272098573956,0.0074003021241471,45.46744867362678,0.0047253808820583,9.6775800464556,0.0141169682326039,28.911550940372912,EDM,,,4.8,True,0.6885742187499999,1410.1999999999998,EDMx2,0.517626953125,0.531298828125,0.6822265625,0.694921875,0.159033203125,0.169189453125,0.7218587239583333,0.7289225260416666,WideBlnrX3_new_stream4_8M_heldout0_RAVEN10_abstract_20240709-1249,,,,,,,,,,,,,,,,,,,,,,,,
WideBlnrX3_new_stream4_8M_heldout0,0.0001999999949475,0.6476462721824646,0.6370031833648682,0.7271484434604645,4467.6,0.15390625,315.2,0.53642578125,1098.6,WideBlnrX3_new_stream4_8M_heldout0_RAVEN10_abstract_20240708-2207/tensorboard_logs,999999,977500,0.0,6.020967387138523e-06,0.0300357373204241,0.0077357083640835,47.52823722097568,0.0074187333445766,15.19356588969306,0.0115162627734968,23.585306160121508,EDM,,,4.8,True,0.69033203125,1413.8,EDMx2,0.52958984375,0.54326171875,0.683984375,0.6966796875,0.148974609375,0.15888671875,0.7236165364583333,0.7306640625,WideBlnrX3_new_stream4_8M_heldout0_RAVEN10_abstract_20240708-2207,,,,,,,,,,,,,,,,,,,,,,,,
085-uncond-DiT_S_1-stream0_16M,,0.0942497909069061,0.093119178712368,0.7538736939430237,4631.8,0.12294921875,251.8,0.6029296875,1234.8,085-RAVEN10_abstract-uncond-DiT_S_1-stream0_16M_20240711-0204/tensorboard_logs,1000000,977500,,0.000786786567744,0.0070924393305963,0.0234334644303892,143.97515217718814,0.0107145319511738,21.94336143600409,0.0267321783258639,54.7475012113693,DiT,18.91179847717285,0.5202980717826972,0.16,False,0.72587890625,1486.6,DiT-S/1,0.596240234375,0.609619140625,0.719775390625,0.731982421875,0.11845703125,0.12744140625,0.7504557291666667,0.757275390625,085-RAVEN10_abstract-uncond-DiT_S_1-stream0_16M_20240711-0204,988750.0,1234.8,251.8,4631.8,2048.0,0.0,0.0,0.0,0.0,6461.9,0.35058051215277775,47.7,0.007763671874999991,13656.1,0.7408908420138889,10.7,0.0017415364583333003,13683.7,0.7423882378472222,11.9,0.0019368489583332905,13542.6,0.7347330729166667,085-RAVEN10_abstract-uncond-DiT_S_1-stream0_16M_20240711-0204
086-uncond-DiT_S_1-stream1_6M,,0.0945339418947696,0.0945857644081115,0.7676920592784882,4716.7,0.135107421875,276.7,0.6130859375,1255.6,086-RAVEN10_abstract-uncond-DiT_S_1-stream1_6M_20240711-0204/tensorboard_logs,1000000,977500,,0.0007377583893953,0.005964663147508,0.0278851313227274,171.32623201885275,0.0110654342409411,22.662009325447453,0.038580879677187,79.013641578879,DiT,19.068165969848632,0.0749484787245974,1.6,False,0.748193359375,1532.3,DiT-S/1,0.606396484375,0.619775390625,0.742236328125,0.754150390625,0.130419921875,0.139794921875,0.76435546875,0.7710286458333333,086-RAVEN10_abstract-uncond-DiT_S_1-stream1_6M_20240711-0204,988750.0,1255.6,276.7,4716.7,2048.0,0.0,0.0,0.0,0.0,7860.6,0.42646484375,222.6,0.03623046874999998,14735.5,0.7994520399305556,76.0,0.01236979166666664,13973.1,0.7580891927083332,74.6,0.0121419270833333,13985.5,0.7587619357638888,086-RAVEN10_abstract-uncond-DiT_S_1-stream1_6M_20240711-0204
087-uncond-DiT_S_1-stream16M,,0.0945201717317104,0.0956500858068466,0.7829101502895355,4810.2,0.130810546875,267.9,0.631982421875,1294.3,087-RAVEN10_abstract-uncond-DiT_S_1-stream16M_20240711-0204/tensorboard_logs,1000000,977500,,0.0006674456508553,0.0040456406491793,0.0152618775762436,93.76898326324242,0.0087541806360853,17.92856194270286,0.0151254263153105,30.976873093756065,DiT,18.94630126953125,0.7750898388527083,16.0,False,0.7627929687499999,1562.1999999999998,DiT-S/1,0.625390625,0.63857421875,0.75693359375,0.768603515625,0.126220703125,0.13544921875,0.779638671875,0.7861653645833333,087-RAVEN10_abstract-uncond-DiT_S_1-stream16M_20240711-0204,,,,,,,,,,,,,,,,,,,,,,,,
088-uncond-DiT_S_1-stream16M_heldout0,,0.0959641747176647,0.0967549607157707,0.7685221374034882,4721.8,0.125732421875,257.5,0.6197265625,1269.2,088-RAVEN10_abstract-uncond-DiT_S_1-stream16M_heldout0_20240711-0204/tensorboard_logs,1000000,977500,,0.000606520506284,0.0054388489406893,0.0260678568273882,160.16089132841117,0.009618713748107,19.699125756123166,0.0347269860284602,71.12086738628668,DiT,19.285515975952148,0.0048743028298734,16.0,True,0.745458984375,1526.7,DiT-S/1,0.6130859375,0.6263671875,0.739501953125,0.751416015625,0.12119140625,0.1302734375,0.765185546875,0.7718587239583333,088-RAVEN10_abstract-uncond-DiT_S_1-stream16M_heldout0_20240711-0204,,,,,,,,,,,,,,,,,,,,,,,,
089-uncond-DiT_S_1-stream1_6M_heldout0,,0.096123768389225,0.0971438452601432,0.7591959595680237,4664.5,0.13544921875,277.4,0.602392578125,1233.7,089-RAVEN10_abstract-uncond-DiT_S_1-stream1_6M_heldout0_20240711-0204/tensorboard_logs,1000000,977500,,0.0005909557255188,0.0055647188909967,0.0161199912957383,99.04123720282716,0.0107105753291958,21.935258274193075,0.0204367076060404,41.85437717717094,DiT,19.26552448272705,0.018284594083388,1.6,True,0.737841796875,1511.1,DiT-S/1,0.595703125,0.60908203125,0.731787109375,0.74384765625,0.13076171875,0.14013671875,0.755810546875,0.7625651041666667,089-RAVEN10_abstract-uncond-DiT_S_1-stream1_6M_heldout0_20240711-0204,,,,,,,,,,,,,,,,,,,,,,,,
090-uncond-DiT_S_1-stream0_16M_heldout0,,0.0958201572299003,0.0972848996520042,0.747509765625,4592.7,0.134716796875,275.9,0.5853515625,1198.8,090-RAVEN10_abstract-uncond-DiT_S_1-stream0_16M_heldout0_20240711-0204/tensorboard_logs,1000000,977500,,0.000667360320727,0.0036138467107509,0.0146426250558546,89.96425215977,0.0048197424091399,9.870832453918633,0.0171243760737035,35.070722198944765,DiT,18.690333747863768,0.6763097024058105,0.16,True,0.7200683593749999,1474.6999999999998,DiT-S/1,0.57861328125,0.59208984375,0.713916015625,0.726220703125,0.130078125,0.139404296875,0.7440755208333333,0.7509440104166667,090-RAVEN10_abstract-uncond-DiT_S_1-stream0_16M_heldout0_20240711-0204,988750.0,1198.8,275.9,4592.7,2048.0,0.0,0.0,0.0,0.0,5981.6,0.3245225694444444,52.2,0.00849609374999997,13757.2,0.7463758680555554,11.8,0.00192057291666662,13336.4,0.7235460069444445,10.3,0.00167643229166662,13258.7,0.7193305121527778,090-RAVEN10_abstract-uncond-DiT_S_1-stream0_16M_heldout0_20240711-0204
091-uncond-DiT_B_1-stream16M,,0.0945284090936184,0.0955047115683555,0.7890950620174408,4848.2,0.122607421875,251.1,0.646923828125,1324.9,091-RAVEN10_abstract-uncond-DiT_B_1-stream16M_20240711-0205/tensorboard_logs,1000000,977500,,0.0007500599478458,0.0039606443043966,0.0231854406301629,142.4513952195625,0.008760230728819,17.9409525326215,0.0316956427664586,64.91267638570724,DiT,8.740444469451905,0.164379256812517,16.0,False,0.76953125,1576.0,DiT-B/1,0.640380859375,0.653466796875,0.76376953125,0.77529296875,0.118115234375,0.127099609375,0.7858723958333333,0.7923177083333334,091-RAVEN10_abstract-uncond-DiT_B_1-stream16M_20240711-0205,,,,,,,,,,,,,,,,,,,,,,,,
092-uncond-DiT_B_1-stream1_6M,,0.0945937752723693,0.0923886746168136,0.7770670652389526,4774.3,0.1212890625,248.4,0.638916015625,1308.5,092-RAVEN10_abstract-uncond-DiT_B_1-stream1_6M_20240711-0205/tensorboard_logs,1000000,977500,,0.0005683971694896,0.004283587070389,0.0184356571469998,113.26865801663268,0.0120754628473825,24.7305479114394,0.0259113867677246,53.066520100300096,DiT,8.75305633544922,0.0140440796312309,1.6,False,0.760205078125,1556.9,DiT-B/1,0.63232421875,0.6455078125,0.754345703125,0.766064453125,0.116845703125,0.12578125,0.773779296875,0.7803548177083334,092-RAVEN10_abstract-uncond-DiT_B_1-stream1_6M_20240711-0205,,,,,,,,,,,,,,,,,,,,,,,,
093-uncond-DiT_B_1-stream1_6M_heldout0,,0.0958263434469699,0.0969226829707622,0.7832194030284881,4812.1,0.12861328125,263.4,0.63837890625,1307.4,093-RAVEN10_abstract-uncond-DiT_B_1-stream1_6M_heldout0_20240711-0205/tensorboard_logs,1000000,977500,,0.0006487732563635,0.0051216678976089,0.0243394956747738,149.5418559021744,0.0100311134358132,20.543720316545503,0.0339473127647139,69.52409654213423,DiT,8.790528488159179,0.0040663746850494,1.6,True,0.7669921875000001,1570.8000000000002,DiT-B/1,0.631787109375,0.644970703125,0.761181640625,0.77275390625,0.1240234375,0.133203125,0.7799641927083333,0.786474609375,093-RAVEN10_abstract-uncond-DiT_B_1-stream1_6M_heldout0_20240711-0205,,,,,,,,,,,,,,,,,,,,,,,,
094-uncond-DiT_B_1-stream0_16M_heldout0,,0.0940835826098918,0.0931280940771102,0.7582193970680237,4658.5,0.143603515625,294.1,0.589892578125,1208.1,094-RAVEN10_abstract-uncond-DiT_B_1-stream0_16M_heldout0_20240711-0205/tensorboard_logs,1000000,977500,,0.0006435364715871,0.006402051019979,0.0238827750081749,146.73577917089244,0.0046803172145472,9.585289655392684,0.0303568466912932,62.17082202376863,DiT,8.663705444335937,0.1705841030137918,0.16,True,0.7334960937499999,1502.1999999999998,DiT-B/1,0.583154296875,0.596630859375,0.72744140625,0.73955078125,0.138818359375,0.1484375,0.754833984375,0.7616048177083333,094-RAVEN10_abstract-uncond-DiT_B_1-stream0_16M_heldout0_20240711-0205,988750.0,1208.1,294.1,4658.5,2048.0,0.0,0.0,0.0,0.0,5929.3,0.32168511284722223,46.8,0.007617187499999981,13409.2,0.7274956597222222,10.9,0.00177408854166662,13351.5,0.724365234375,12.4,0.00201822916666663,13500.8,0.7324652777777778,094-RAVEN10_abstract-uncond-DiT_B_1-stream0_16M_heldout0_20240711-0205
095-uncond-DiT_B_1-stream16M_heldout0,,0.0959915123879909,0.0965845502912998,0.77587890625,4767.0,0.129052734375,264.3,0.626513671875,1283.1,095-RAVEN10_abstract-uncond-DiT_B_1-stream16M_heldout0_20240711-0205/tensorboard_logs,1000000,977500,,0.0005426942552515,0.0054110824470417,0.0229887521472239,141.2428955932142,0.0099751024776879,20.42900987430484,0.0337345847886542,69.08842964716385,DiT,8.746609306335449,0.0092612386105048,16.0,True,0.7555664062499999,1547.4,DiT-B/1,0.619873046875,0.633154296875,0.749658203125,0.76142578125,0.124462890625,0.133642578125,0.7725748697916667,0.7791666666666667,095-RAVEN10_abstract-uncond-DiT_B_1-stream16M_heldout0_20240711-0205,,,,,,,,,,,,,,,,,,,,,,,,
096-uncond-DiT_B_1-stream0_16M,,0.0935287468135357,0.093393238633871,0.7647786378860474,4698.8,0.131591796875,269.5,0.611181640625,1251.7,096-RAVEN10_abstract-uncond-DiT_B_1-stream0_16M_20240711-0205/tensorboard_logs,1000000,977500,,0.0005564464665746,0.0043146484221544,0.0139805259674389,85.8963199315184,0.0076454096234101,15.65779890874406,0.0176833781010201,36.21555835088929,DiT,8.753634262084962,0.1268188482203529,0.16,False,0.7427734375,1521.2,DiT-B/1,0.6044921875,0.61787109375,0.736767578125,0.74873046875,0.127001953125,0.13623046875,0.76142578125,0.7681315104166667,096-RAVEN10_abstract-uncond-DiT_B_1-stream0_16M_20240711-0205,988750.0,1251.7,269.5,4698.8,2048.0,0.0,0.0,0.0,0.0,6330.2,0.34343532986111114,52.5,0.00854492187499997,13658.6,0.7410264756944444,11.8,0.0019205729166666397,13534.7,0.7343044704861111,10.2,0.0016601562499999798,13461.7,0.7303439670138889,096-RAVEN10_abstract-uncond-DiT_B_1-stream0_16M_20240711-0205
097-uncond-DiT_S_1-stream0_016M,,0.0391398940235376,0.0408028688281774,0.4282063841819763,2630.9,0.09091796875,186.2,0.018896484375,38.7,097-RAVEN10_abstract-uncond-DiT_S_1-stream0_016M_20240816-0049/tensorboard_logs,1000000,977500,,0.0004170924247157,0.0027947430937185,0.0077851245310988,47.831765363383546,0.0073972774045003,15.149624124416787,0.0044517279919135,9.117138927438926,DiT,16.494749450683592,0.70081770120925,0.016,False,0.1098144531249999,224.9,DiT-S/1,0.017041015625,0.02080078125,0.10556640625,0.114111328125,0.08701171875,0.094873046875,0.4243001302083333,0.4321126302083333,097-RAVEN10_abstract-uncond-DiT_S_1-stream0_016M_20240816-0049,,,,,,,,,,,,,,,,,,,,,,,,
098-uncond-DiT_S_1-stream0_016M_heldout0,,0.0351504329591989,0.0370584942400455,0.4146321594715118,2547.5,0.06171875,126.4,0.003857421875,7.9,098-RAVEN10_abstract-uncond-DiT_S_1-stream0_016M_heldout0_20240816-0050/tensorboard_logs,1000000,977500,,0.0003022574672878,0.0026828467859195,0.0132116424152724,81.17231328750248,0.0062750420625111,12.851286144022923,0.0015172553628152,3.1073389830457114,DiT,16.212174129486083,0.4628162419986477,0.016,True,0.065576171875,134.3,DiT-S/1,0.00302734375,0.004736328125,0.06220703125,0.068994140625,0.058447265625,0.0650390625,0.4107421875,0.4185221354166666,098-RAVEN10_abstract-uncond-DiT_S_1-stream0_016M_heldout0_20240816-0050,988750.0,7.9,126.4,2547.5,2048.0,0.0,0.0,0.9,0.00014648437499997,1358.4,0.07369791666666664,7.2,0.00117187499999997,9077.2,0.4924696180555556,3.7,0.00060221354166664,9505.5,0.5157063802083333,3.5,0.00056966145833328,9486.9,0.514697265625,098-RAVEN10_abstract-uncond-DiT_S_1-stream0_016M_heldout0_20240816-0050
101-uncond-DiT_B_1-stream0_016M_heldout0,,0.0215638337656855,0.0220784770324826,0.3964355498552322,2435.7,0.06845703125,140.2,0.032421875,66.4,101-RAVEN10_abstract-uncond-DiT_B_1-stream0_016M_heldout0_20240921-1650/tensorboard_logs,1000000,977500,,0.0002340840905726,0.0022378043619714,0.0118640430341667,72.89269129648359,0.006286008737116,12.873745893613613,0.0035969683845211,7.366591251499344,DiT,8.084680271148681,0.1079558059548327,0.016,True,0.10087890625,206.6,DiT-B/1,0.030029296875,0.03486328125,0.09677734375,0.105029296875,0.0650390625,0.071923828125,0.3925618489583333,0.4003092447916667,101-RAVEN10_abstract-uncond-DiT_B_1-stream0_016M_heldout0_20240921-1650,988750.0,66.4,140.2,2435.7,2048.0,17.9,0.008740234375,155.6,0.0253255208333333,1803.4,0.09784071180555554,291.1,0.04737955729166663,8024.4,0.4353515625,246.8,0.040169270833333305,7541.7,0.4091634114583333,251.0,0.0408528645833333,7480.3,0.4058322482638889,101-RAVEN10_abstract-uncond-DiT_B_1-stream0_016M_heldout0_20240921-1650
102-uncond-DiT_B_1-stream0_016M,,0.022521043382585,0.0233051795512437,0.4376953125,2689.2,0.07958984375,163.0,0.026025390625,53.3,102-RAVEN10_abstract-uncond-DiT_B_1-stream0_016M_20240921-1651/tensorboard_logs,1000000,977500,,0.0002910632187278,0.002464503600621,0.0088477406462889,54.36052489322249,0.0084760524520127,17.35895542172205,0.004493189897974,9.202052911050762,DiT,8.148534870147705,0.1705066557996798,0.016,False,0.105615234375,216.3,DiT-B/1,0.023876953125,0.02822265625,0.101416015625,0.10986328125,0.07587890625,0.08330078125,0.4337727864583333,0.4416178385416666,102-RAVEN10_abstract-uncond-DiT_B_1-stream0_016M_20240921-1651,,,,,,,,,,,,,,,,,,,,,,,,
006-SiT_S_1-stream0_016M_all-Linear-velocity-None,,0.5159419059753418,0.5069111883640289,0.500634765625,3075.9,0.09755859375,199.8,0.016650390625,34.1,006-SiT_S_1-stream0_016M_all-Linear-velocity-None/tensorboard_logs,1000000,977500,,0.0060743768677195,0.0322736135176282,0.007306491105777,44.89110280569092,0.0040448501476586,8.28385310240483,0.0028974097189901,5.933895104491747,SiT,17.081602478027342,0.7371304727544651,0.016,False,0.114208984375,233.9,SiT-S/1,0.01494140625,0.018408203125,0.10986328125,0.118603515625,0.093505859375,0.10166015625,0.4966796875,0.50458984375,006-SiT_S_1-stream0_016M_all-Linear-velocity-None,,,,,,,,,,,,,,,,,,,,,,,,
007-SiT_S_1-stream0_16M_all-Linear-velocity-None,,0.794219571352005,0.7733418881893158,0.8463053405284882,5199.7,0.12080078125,247.4,0.72216796875,1479.0,007-SiT_S_1-stream0_16M_all-Linear-velocity-None/tensorboard_logs,1000000,977500,,0.0031166219957921,0.0252237180694227,0.0018621704887545,11.441153787970752,0.0034695084881443,7.105553383719588,0.0043429896042078,8.894442709417586,SiT,18.57810754776001,2.898249412806841,0.16,False,0.84296875,1726.4,SiT-S/1,0.716015625,0.728271484375,0.83798828125,0.84794921875,0.116357421875,0.12529296875,0.8434407552083333,0.8491536458333333,007-SiT_S_1-stream0_16M_all-Linear-velocity-None,988750.0,1479.0,247.4,5199.7,2048.0,0.0,0.0,0.0,0.0,7000.1,0.3797797309027777,70.3,0.01144205729166663,14116.6,0.7658745659722221,12.0,0.0019531249999999798,14020.5,0.7606608072916667,9.2,0.0014973958333333102,13975.9,0.7582411024305555,007-SiT_S_1-stream0_16M_all-Linear-velocity-None
008-SiT_S_1-stream1_6M_all-Linear-velocity-None,,0.7965779662132263,0.7882035374641418,0.8834309816360474,5427.8,0.111279296875,227.9,0.773388671875,1583.9,008-SiT_S_1-stream1_6M_all-Linear-velocity-None/tensorboard_logs,1000000,977500,,0.0030319837130199,0.0399444536351191,0.0013891538353396,8.534895690308467,0.0039764871413196,8.143845665422583,0.0036572233029441,7.4899933244296255,SiT,19.6659818649292,0.719731107503837,1.6,False,0.8846679687500001,1811.8,SiT-S/1,0.767626953125,0.7791015625,0.8802734375,0.889013671875,0.106982421875,0.115625,0.8808919270833333,0.8859700520833333,008-SiT_S_1-stream1_6M_all-Linear-velocity-None,,,,,,,,,,,,,,,,,,,,,,,,
010-SiT_S_1-stream16M_all-Linear-velocity-None,,0.7965834856033325,0.8038681626319886,0.8763183534145356,5384.1,0.105712890625,216.5,0.7681640625,1573.2,010-SiT_S_1-stream16M_all-Linear-velocity-None/tensorboard_logs,1000000,977500,,0.0029700155410545,0.0290690285163739,0.0010997519595545,6.756889488185701,0.0038670587143609,7.919736247011149,0.0028730786671375,5.8840651102976205,SiT,18.85072383880616,3.3471522848762736,16.0,False,0.873876953125,1789.7,SiT-S/1,0.762353515625,0.77392578125,0.8693359375,0.87841796875,0.101513671875,0.1099609375,0.8737141927083333,0.8789225260416667,010-SiT_S_1-stream16M_all-Linear-velocity-None,,,,,,,,,,,,,,,,,,,,,,,,
011-SiT_S_1-stream16M_heldout0-Linear-velocity-None,,0.8041044116020203,0.7997941255569458,0.8693196654319764,5341.1,0.113134765625,231.7,0.753564453125,1543.3,011-SiT_S_1-stream16M_heldout0-Linear-velocity-None/tensorboard_logs,1000000,977500,,0.002334413585106,0.031406549176955,0.0016991910767814,10.439774369635096,0.0024473668556421,5.012207320355199,0.0020594177848811,4.217687623436524,SiT,20.047719955444336,0.0109451970705274,16.0,True,0.86669921875,1775.0,SiT-S/1,0.74765625,0.75947265625,0.86201171875,0.871337890625,0.108837890625,0.11748046875,0.866650390625,0.87197265625,011-SiT_S_1-stream16M_heldout0-Linear-velocity-None,,,,,,,,,,,,,,,,,,,,,,,,
012-SiT_S_1-stream1_6M_heldout0-Linear-velocity-None,,0.8040230989456176,0.7950157046318054,0.8853190064430236,5439.4,0.12900390625,264.2,0.765576171875,1567.9,012-SiT_S_1-stream1_6M_heldout0-Linear-velocity-None/tensorboard_logs,1000000,977500,,0.0027469170746345,0.0357100022094945,0.0016006213733326,9.834180754445836,0.0048271567681392,9.886017061149214,0.00390930056665,8.006247560499304,SiT,20.024264335632324,0.0264270639766654,1.6,True,0.8945800781250001,1832.1,SiT-S/1,0.759765625,0.77138671875,0.89033203125,0.898779296875,0.1244140625,0.13359375,0.8827962239583333,0.8878255208333333,012-SiT_S_1-stream1_6M_heldout0-Linear-velocity-None,,,,,,,,,,,,,,,,,,,,,,,,
013-SiT_S_1-stream0_016M_heldout0-Linear-velocity-None,,0.4943026602268219,0.484189173579216,0.4570312529802322,2808.0,0.082373046875,168.7,0.015087890625,30.9,013-SiT_S_1-stream0_016M_heldout0-Linear-velocity-None/tensorboard_logs,1000000,977500,,0.0023517860466758,0.0421105573452462,0.0026512142946942,16.28905563049417,0.0052238234010957,10.698390325444077,0.0012701570973389,2.6012817353502222,SiT,17.163987159729004,0.6160004168458288,0.016,True,0.0974609375,199.6,SiT-S/1,0.013427734375,0.016796875,0.093408203125,0.1015625,0.07861328125,0.086181640625,0.4530924479166666,0.4609700520833333,013-SiT_S_1-stream0_016M_heldout0-Linear-velocity-None,,,,,,,,,,,,,,,,,,,,,,,,
014-SiT_S_1-stream0_16M_heldout0-Linear-velocity-None,,0.8003768742084503,0.798300051689148,0.8436686217784881,5183.5,0.126416015625,258.9,0.70888671875,1451.8,014-SiT_S_1-stream0_16M_heldout0-Linear-velocity-None/tensorboard_logs,1000000,977500,,0.0024530438706295,0.0279663820468451,0.0021826482056673,13.410195126594472,0.0027375702127542,5.606543795720612,0.0022292830297218,4.565571644870392,SiT,19.669045829772948,0.718519167904319,0.16,True,0.8353027343749999,1710.6999999999998,SiT-S/1,0.70263671875,0.715087890625,0.830224609375,0.840380859375,0.121875,0.131005859375,0.8407877604166667,0.846533203125,014-SiT_S_1-stream0_16M_heldout0-Linear-velocity-None,988750.0,1451.8,258.9,5183.5,2048.0,0.0,0.0,0.0,0.0,6497.4,0.3525065104166666,63.1,0.01027018229166662,13984.1,0.7586859809027777,8.7,0.0014160156249999603,13850.7,0.7514485677083333,8.8,0.0014322916666666401,13778.7,0.7475423177083333,014-SiT_S_1-stream0_16M_heldout0-Linear-velocity-None
015-SiT_B_1-stream0_016M_heldout0-Linear-velocity-None,,0.4108172208070755,0.4159851908683777,0.5172037780284882,3177.7,0.09677734375,198.2,0.15322265625,313.8,015-SiT_B_1-stream0_016M_heldout0-Linear-velocity-None/tensorboard_logs,1000000,977500,,0.0034527234967496,0.0359825674489633,0.0054491893362865,33.47984468303268,0.0058629907825101,12.007405122580716,0.0034817036346669,7.130529043797851,SiT,8.303553676605224,0.1451189087953058,0.016,True,0.25,512.0,SiT-B/1,0.148291015625,0.158154296875,0.244091796875,0.25595703125,0.092724609375,0.100830078125,0.5132486979166667,0.5211588541666666,015-SiT_B_1-stream0_016M_heldout0-Linear-velocity-None,,,,,,,,,,,,,,,,,,,,,,,,
016-SiT_B_1-stream16M_heldout0-Linear-velocity-None,,0.8027148842811584,0.7917076408863067,0.8954589903354645,5501.7,0.117529296875,240.7,0.784716796875,1607.1,016-SiT_B_1-stream16M_heldout0-Linear-velocity-None/tensorboard_logs,1000000,977500,,0.0043403460031483,0.03583487283928,0.001689806330276,10.382142788889432,0.0049850941042625,10.209472725529633,0.0046633060707384,9.550450832872269,SiT,8.96331329345703,0.0015193645045486,16.0,True,0.90224609375,1847.8,SiT-B/1,0.779052734375,0.79033203125,0.89814453125,0.906298828125,0.113134765625,0.12197265625,0.8930338541666667,0.8978678385416666,016-SiT_B_1-stream16M_heldout0-Linear-velocity-None,,,,,,,,,,,,,,,,,,,,,,,,
017-SiT_B_1-stream0_16M_heldout0-Linear-velocity-None,,0.7776162624359131,0.7695359706878662,0.780517578125,4795.5,0.176171875,360.8,0.572119140625,1171.7,017-SiT_B_1-stream0_16M_heldout0-Linear-velocity-None/tensorboard_logs,1000000,977500,,0.0032389602989464,0.0251917271030032,0.0022815565600173,14.01784576887619,0.0067572040810732,13.838753958037952,0.0093980576278205,19.247222021776413,SiT,8.874193859100341,0.1356756103780057,0.16,True,0.748291015625,1532.5,SiT-B/1,0.56533203125,0.57890625,0.742333984375,0.75419921875,0.170947265625,0.181396484375,0.77724609375,0.7837890625,017-SiT_B_1-stream0_16M_heldout0-Linear-velocity-None,988750.0,1171.7,360.8,4795.5,2048.0,0.0,0.0,0.0,0.0,6143.5,0.3333062065972222,62.5,0.010172526041666631,13544.4,0.7348307291666667,10.4,0.0016927083333332902,13725.8,0.7446723090277778,14.5,0.0023600260416666496,13629.3,0.7394368489583334,017-SiT_B_1-stream0_16M_heldout0-Linear-velocity-None
018-SiT_B_1-stream1_6M_heldout0-Linear-velocity-None,,0.8016947090625763,0.791145247220993,0.889599609375,5465.7,0.123974609375,253.9,0.770947265625,1578.9,018-SiT_B_1-stream1_6M_heldout0-Linear-velocity-None/tensorboard_logs,1000000,977500,,0.0041791904112517,0.0292277461217218,0.0017994784771697,11.055918475338654,0.0038821003715182,7.950541560869365,0.0037713383289052,7.723700897597938,SiT,8.968128871917724,0.0029120752340158,1.6,True,0.8949218750000001,1832.8,SiT-B/1,0.765185546875,0.776708984375,0.89072265625,0.89912109375,0.119482421875,0.128515625,0.887109375,0.8920735677083333,018-SiT_B_1-stream1_6M_heldout0-Linear-velocity-None,,,,,,,,,,,,,,,,,,,,,,,,
019-SiT_B_1-stream16M_all-Linear-velocity-None,,0.7952303469181061,0.7887419402599335,0.8933756589889527,5488.9,0.1158203125,237.2,0.785986328125,1609.7,019-SiT_B_1-stream16M_all-Linear-velocity-None/tensorboard_logs,1000000,977500,,0.0040715732679153,0.0455495985049202,0.0024085751065353,14.79827317253228,0.0036160661658851,7.405703507732698,0.0035513860441344,7.273238618387282,SiT,8.746220827102661,0.4686586309813098,16.0,False,0.901806640625,1846.9,SiT-B/1,0.78037109375,0.7916015625,0.897705078125,0.905859375,0.111474609375,0.12021484375,0.8909342447916667,0.8958170572916667,019-SiT_B_1-stream16M_all-Linear-velocity-None,,,,,,,,,,,,,,,,,,,,,,,,
020-SiT_B_1-stream0_16M_all-Linear-velocity-None,,0.779078334569931,0.7671082794666291,0.7918782532215118,4865.3,0.157568359375,322.7,0.610546875,1250.4,020-SiT_B_1-stream0_16M_all-Linear-velocity-None/tensorboard_logs,1000000,977500,,0.0031445148416801,0.0398441080009658,0.0023145912021528,14.220876672460603,0.0069016942129573,14.13466974813664,0.0062028590566242,12.703455347966376,SiT,8.830856609344483,0.1834646277804365,0.16,False,0.7681152343750001,1573.1,SiT-B/1,0.603857421875,0.617236328125,0.7623046875,0.773876953125,0.152587890625,0.16259765625,0.7886555989583334,0.7950846354166666,020-SiT_B_1-stream0_16M_all-Linear-velocity-None,988750.0,1250.4,322.7,4865.3,2048.0,0.0,0.0,0.0,0.0,6879.3,0.3732259114583334,66.0,0.01074218749999997,14065.2,0.7630859375000001,9.0,0.00146484374999997,13929.9,0.7557454427083333,11.2,0.00182291666666663,13917.2,0.7550564236111111,020-SiT_B_1-stream0_16M_all-Linear-velocity-None
021-SiT_B_1-stream1_6M_all-Linear-velocity-None,,0.7955210924148559,0.7906979501247406,0.8731608033180237,5364.7,0.11767578125,241.0,0.7568359375,1550.0,021-SiT_B_1-stream1_6M_all-Linear-velocity-None/tensorboard_logs,1000000,977500,,0.0044617512247067,0.0227163528441695,0.0008085354175541,4.967673276069855,0.0047675190481369,9.76387901058454,0.003096728123444,6.342099196813489,SiT,8.86138563156128,0.1536218461471117,1.6,False,0.87451171875,1791.0,SiT-B/1,0.750927734375,0.7626953125,0.869970703125,0.879052734375,0.11328125,0.122119140625,0.8705240885416666,0.87578125,021-SiT_B_1-stream1_6M_all-Linear-velocity-None,,,,,,,,,,,,,,,,,,,,,,,,
022-SiT_B_1-stream0_016M_all-Linear-velocity-None,,0.4296905070543289,0.4494867295026779,0.487434896826744,2994.8,0.096923828125,198.5,0.087841796875,179.9,022-SiT_B_1-stream0_016M_all-Linear-velocity-None/tensorboard_logs,1000000,977500,,0.0041795520961932,0.0266349197353482,0.007241897590351,44.49419437784369,0.0030817213913999,6.311365409587159,0.0029962950540351,6.136412270663985,SiT,8.293027687072755,0.1694132635894138,0.016,False,0.184765625,378.4,SiT-B/1,0.083984375,0.091748046875,0.179443359375,0.190087890625,0.09287109375,0.1009765625,0.4834798177083333,0.4913899739583333,022-SiT_B_1-stream0_016M_all-Linear-velocity-None,,,,,,,,,,,,,,,,,,,,,,,,
